Name,Filename
Gorriti Taberna,gorriti-taberna-1.jpg
Gorriti Taberna,gorriti-taberna-2.jpg
Gorriti Taberna,gorriti-taberna-3.jpg
Bar Txistu,bar-txistu-1.jpg
Bar Txistu,bar-txistu-2.jpg
Bar Nestor,bar-nestor-1.jpg
Txakolina,txakolina-1.jpg
Txakolina,txakolina-2.jpg
Restaurante munto jatetxed,restaurante-munto-jatetxed-1.jpg
Restaurante munto jatetxed,restaurante-munto-jatetxed-2.jpg
Restaurante munto jatetxed,restaurante-munto-jatetxed-3.jpg
Paco Bueno,paco-bueno-1.jpg
Picaro,picaro-1.jpg
Picaro,picaro-2.jpg
Picaro,picaro-3.jpg
Beharri,beharri-1.jpg
Beharri,beharri-2.jpg
Igeldo jatetxea,igeldo-jatetxea-1.jpg
Pub txurrut,pub-txurrut-1.jpg
Bar Tximista,bar-tximista-1.jpg
Bar Tximista,bar-tximista-2.jpg
Raviolina,raviolina-1.jpg
Baluarte,baluarte-1.jpg
Casa Vergara,casa-vergara-1.jpg
Casa Vergara,casa-vergara-2.jpg
Casa Vergara,casa-vergara-3.jpg
Casa Alcalde,casa-alcalde-1.jpg
Casa Alcalde,casa-alcalde-2.jpg
Casa Alcalde,casa-alcalde-3.jpg
Tanger Bar,tanger-bar-1.jpg
Ganbara,ganbara-1.jpg
Ganbara,ganbara-2.jpg
Ganbara,ganbara-3.jpg
Bar Haizea,bar-haizea-1.jpg
Lasarte,lasarte-1.jpg
Bardulia,bardulia-1.jpg
Bardulia,bardulia-2.jpg
Bardulia,bardulia-3.jpg
Restaurante zumeltzegi,restaurante-zumeltzegi-1.jpg
Restaurante zumeltzegi,restaurante-zumeltzegi-2.jpg
Izkina,izkina-1.jpg
Izkina,izkina-2.jpg
Izkina,izkina-3.jpg
Bar Martinez,bar-martinez-1.jpg
Goiz Argi,goiz-argi-1.jpg
Goiz Argi,goiz-argi-2.jpg
Goiz Argi,goiz-argi-3.jpg
JOSE Mari Taberna,jose-mari-1.jpg
JOSE Mari Taberna,jose-mari-2.jpg
JOSE Mari Taberna,jose-mari-3.jpg
JOSE Mari Taberna,jose-mari-4.jpg
Casa Grandarias Bar,casa-grandarias-bar-1.jpg
Casa Grandarias Bar,casa-grandarias-bar-2.jpg
Narru,narru-1.jpg
Bar Sport,bar-sport-1.jpg
Bar Sport,bar-sport-2.jpg
Bar Sport,bar-sport-3.jpg
Borda Berri,bordaberri-1.jpg
Casa Urola,casa-urola-resturant-1.jpg
Casa Urola,casa-urola-resturant-2.jpg
Casa Urola,casa-urola-resturant-3.jpg
Kukurruku,kukurruku-1.jpg
Kukurruku,kukurruku-2.jpg
Kukurruku,kukurruku-3.jpg
Txalupa,txalupa-1.jpg
Donostiarra,donostiarra-1.jpg
Donostiarra,donostiarra-2.jpg
Donostiarra,donostiarra-3.jpg
Donostiarra,donostiarra-4.jpg
Itxar Pena,itxar-pena-1.jpg
Itxar Pena,itxar-pena-2.jpg
Itxar Pena,itxar-pena-3.jpg
Urgulleko Polboriña,urgulleko-polborina-1.jpg
Urgulleko Polboriña,urgulleko-polborina-2.jpg
Urgulleko Polboriña,urgulleko-polborina-3.jpg
Ordizia,ordizia-1.jpg
Ordizia,ordizia-2.jpg
Bodega donostiarra,bodega-donostiarra-1.jpg
Bodega donostiarra,bodega-donostiarra-2.jpg
Bar irrintz,bar-irrintz-1.jpg
Bar irrintz,bar-irrintz-2.jpg
Bar irrintz,bar-irrintz-3.jpg
Bar Aralar,bar-aralar-1.jpg
Bar Aralar,bar-aralar-2.jpg
Heme retzi,heme-retzi-1.jpg
Heme retzi,heme-retzi-2.jpg
Aita mari,aita-mari-1.jpg
Bar Narrika,bar-narrika-1.jpg
Bar Narrika,bar-narrika-2.jpg
Bar Narrika,bar-narrika-3.jpg
